Player,Team,Position,GamesPlayed,Points,Goals,Assists,Pts_Per_Game,Shooting_Pct,Last_Update
Connor McDavid,EDM,C,41,70,24,46,1.71,16.6,2026-01-01 20:47:29
Nathan MacKinnon,COL,C,39,70,34,36,1.79,18.9,2026-01-01 20:47:29
Macklin Celebrini,SJS,C,40,62,22,40,1.55,17.5,2026-01-01 20:47:29
Leon Draisaitl,EDM,C,41,57,20,37,1.39,17.2,2026-01-01 20:47:29
Mikko Rantanen,DAL,R,39,54,15,39,1.38,15.5,2026-01-01 20:47:29
Martin Necas,COL,C,39,51,19,32,1.31,20.7,2026-01-01 20:47:29
Nikita Kucherov,TBL,R,35,51,18,33,1.46,16.7,2026-01-01 20:47:29
Matt Boldy,MIN,L,41,47,25,22,1.15,18.5,2026-01-01 20:47:29
Kirill Kaprizov,MIN,L,41,47,23,24,1.15,16.2,2026-01-01 20:47:29
Jason Robertson,DAL,L,40,46,23,23,1.15,14.7,2026-01-01 20:47:29
Brad Marchand,FLA,L,38,45,23,22,1.18,21.9,2026-01-01 20:47:29
Cale Makar,COL,D,39,45,12,33,1.15,10.6,2026-01-01 20:47:29
Mark Scheifele,WPG,C,38,45,18,27,1.18,22.8,2026-01-01 20:47:29
Kyle Connor,WPG,L,38,45,18,27,1.18,13.4,2026-01-01 20:47:29
Wyatt Johnston,DAL,C,40,45,20,25,1.12,20.2,2026-01-01 20:47:29
David Pastrnak,BOS,R,36,44,17,27,1.22,13.7,2026-01-01 20:47:29
Nick Suzuki,MTL,C,39,44,13,31,1.13,15.7,2026-01-01 20:47:29
Connor Bedard,CHI,C,31,44,19,25,1.42,18.4,2026-01-01 20:47:29
Sam Reinhart,FLA,C,39,43,22,21,1.1,21.2,2026-01-01 20:47:29
Lucas Raymond,DET,L,39,43,11,32,1.1,12.8,2026-01-01 20:47:29
Leo Carlsson,ANA,C,39,42,17,25,1.08,17.3,2026-01-01 20:47:29
Tim Stützle,OTT,C,39,42,19,23,1.08,19.2,2026-01-01 20:47:29
Tom Wilson,WSH,R,40,42,22,20,1.05,22.7,2026-01-01 20:47:29
Artemi Panarin,NYR,L,41,41,14,27,1.0,11.2,2026-01-01 20:47:29
William Nylander,TOR,R,33,41,14,27,1.24,20.6,2026-01-01 20:47:29
Jack Eichel,VGK,C,31,41,12,29,1.32,10.3,2026-01-01 20:47:29
Morgan Geekie,BOS,C,41,41,25,16,1.0,25.5,2026-01-01 20:47:29
Alex DeBrincat,DET,R,41,40,20,20,0.98,14.0,2026-01-01 20:47:29
Sidney Crosby,PIT,C,38,40,21,19,1.05,23.1,2026-01-01 20:47:29
Zach Werenski,CBJ,D,35,40,14,26,1.14,10.6,2026-01-01 20:47:29
Mitch Marner,VGK,R,38,40,9,31,1.05,12.5,2026-01-01 20:47:29
Cole Caufield,MTL,R,39,39,19,20,1.0,17.3,2026-01-01 20:47:29
Jake Guentzel,TBL,C,39,39,18,21,1.0,17.5,2026-01-01 20:47:29
Trevor Zegras,PHI,C,39,39,15,24,1.0,17.4,2026-01-01 20:47:29
Cutter Gauthier,ANA,L,40,38,19,19,0.95,12.2,2026-01-01 20:47:29
Lane Hutson,MTL,D,39,38,5,33,0.97,7.6,2026-01-01 20:47:29
Troy Terry,ANA,R,40,38,12,26,0.95,12.4,2026-01-01 20:47:29
Dylan Larkin,DET,C,41,37,21,16,0.9,17.4,2026-01-01 20:47:29
Evan Bouchard,EDM,D,41,37,7,30,0.9,6.8,2026-01-01 20:47:29
Tage Thompson,BUF,C,39,37,20,17,0.95,14.4,2026-01-01 20:47:29
Drake Batherson,OTT,R,36,37,15,22,1.03,19.2,2026-01-01 20:47:29
Dylan Guenther,UTA,R,41,36,20,16,0.88,14.8,2026-01-01 20:47:29
Clayton Keller,UTA,R,41,36,13,23,0.88,11.3,2026-01-01 20:47:29
Nick Schmaltz,UTA,C,41,36,14,22,0.88,14.4,2026-01-01 20:47:29
John Tavares,TOR,C,39,36,15,21,0.92,14.3,2026-01-01 20:47:29
Travis Konecny,PHI,R,39,36,13,23,0.92,14.6,2026-01-01 20:47:29
Miro Heiskanen,DAL,D,40,35,7,28,0.88,8.3,2026-01-01 20:47:29
Sebastian Aho,CAR,C,39,35,14,21,0.9,15.9,2026-01-01 20:47:29
Matthew Knies,TOR,L,36,35,11,24,0.97,13.9,2026-01-01 20:47:29
Bryan Rust,PIT,R,36,34,15,19,0.94,16.5,2026-01-01 20:47:29
Brandon Hagel,TBL,L,34,34,18,16,1.0,17.6,2026-01-01 20:47:29
Alex Ovechkin,WSH,L,41,34,15,19,0.83,13.8,2026-01-01 20:47:29
Ryan O'Reilly,NSH,C,39,34,11,23,0.87,17.2,2026-01-01 20:47:29
Gabriel Vilardi,WPG,C,38,33,16,17,0.87,19.8,2026-01-01 20:47:29
Bo Horvat,NYI,C,36,33,21,12,0.92,17.2,2026-01-01 20:47:29
Ivan Demidov,MTL,R,39,33,10,23,0.85,18.9,2026-01-01 20:47:29
Artturi Lehkonen,COL,L,39,32,14,18,0.82,14.6,2026-01-01 20:47:29
Ryan Nugent-Hopkins,EDM,C,32,32,11,21,1.0,20.0,2026-01-01 20:47:29
Adrian Kempe,LAK,R,38,32,13,19,0.84,11.9,2026-01-01 20:47:29
Marcus Johansson,MIN,L,39,32,12,20,0.82,20.3,2026-01-01 20:47:29
Nazem Kadri,CGY,C,40,32,8,24,0.8,6.6,2026-01-01 20:47:29
Dylan Strome,WSH,C,39,32,9,23,0.82,12.9,2026-01-01 20:47:29
Alex Tuch,BUF,R,38,32,12,20,0.84,12.5,2026-01-01 20:47:29
Anton Lundell,FLA,C,39,31,13,18,0.79,14.8,2026-01-01 20:47:29
Moritz Seider,DET,D,41,31,7,24,0.76,7.1,2026-01-01 20:47:29
Jesper Bratt,NJD,L,40,31,8,23,0.78,8.6,2026-01-01 20:47:29
Filip Forsberg,NSH,L,39,31,16,15,0.79,13.3,2026-01-01 20:47:29
Nico Hischier,NJD,C,40,31,11,20,0.78,10.9,2026-01-01 20:47:29
Roope Hintz,DAL,C,35,31,12,19,0.89,15.6,2026-01-01 20:47:29
Mark Stone,VGK,R,22,31,10,21,1.41,18.2,2026-01-01 20:47:29
Jakob Chychrun,WSH,D,41,31,15,16,0.76,10.7,2026-01-01 20:47:29
Aliaksei Protas,WSH,C,41,31,16,15,0.76,18.0,2026-01-01 20:47:29
Kirill Marchenko,CBJ,R,35,31,14,17,0.89,12.8,2026-01-01 20:47:29
Mika Zibanejad,NYR,C,41,30,12,18,0.73,11.1,2026-01-01 20:47:29
Ivan Barbashev,VGK,L,38,30,12,18,0.79,20.0,2026-01-01 20:47:29
Brock Nelson,COL,C,39,30,16,14,0.77,21.1,2026-01-01 20:47:29
Tomas Hertl,VGK,C,38,30,15,15,0.79,14.6,2026-01-01 20:47:29
Beckett Sennecke,ANA,R,40,30,12,18,0.75,15.8,2026-01-01 20:47:29
Mathew Barzal,NYI,C,40,30,10,20,0.75,11.0,2026-01-01 20:47:29
Josh Morrissey,WPG,D,38,30,6,24,0.79,8.7,2026-01-01 20:47:29
Quinn Hughes,MIN,D,35,30,3,27,0.86,3.3,2026-01-01 20:47:29
Tyler Bertuzzi,CHI,L,36,29,19,10,0.81,25.7,2026-01-01 20:47:29
Mikhail Sergachev,UTA,D,41,29,6,23,0.71,6.8,2026-01-01 20:47:29
Luke Evangelista,NSH,R,38,29,6,23,0.76,6.7,2026-01-01 20:47:29
Will Smith,SJS,C,33,29,12,17,0.88,15.0,2026-01-01 20:47:29
Seth Jarvis,CAR,C,34,29,19,10,0.85,17.3,2026-01-01 20:47:29
Sam Bennett,FLA,C,39,29,13,16,0.74,13.4,2026-01-01 20:47:29
Darren Raddysh,TBL,D,33,29,9,20,0.88,11.5,2026-01-01 20:47:29
Robert Thomas,STL,C,37,29,9,20,0.78,16.4,2026-01-01 20:47:29
JJ Peterka,UTA,R,41,29,15,14,0.71,17.4,2026-01-01 20:47:29
Evgeni Malkin,PIT,C,26,29,8,21,1.12,12.1,2026-01-01 20:47:29
Joel Eriksson Ek,MIN,C,41,29,10,19,0.71,8.5,2026-01-01 20:47:29
John Carlson,WSH,D,37,29,8,21,0.78,11.0,2026-01-01 20:47:29
Dylan Cozens,OTT,C,39,29,11,18,0.74,12.2,2026-01-01 20:47:29
Shayne Gostisbehere,CAR,D,28,29,4,25,1.04,8.3,2026-01-01 20:47:29
Carter Verhaeghe,FLA,C,38,28,11,17,0.74,12.1,2026-01-01 20:47:29
Adam Fox,NYR,D,28,28,4,24,1.0,7.7,2026-01-01 20:47:29
Pavel Dorofeyev,VGK,R,38,28,15,13,0.74,14.0,2026-01-01 20:47:29
Erik Karlsson,PIT,D,38,28,3,25,0.74,3.5,2026-01-01 20:47:29
Jake Sanderson,OTT,D,39,28,8,20,0.72,9.8,2026-01-01 20:47:29
Rasmus Dahlin,BUF,D,35,28,4,24,0.8,4.1,2026-01-01 20:47:29
Juraj Slafkovský,MTL,L,39,28,13,15,0.72,16.7,2026-01-01 20:47:29
Noah Dobson,MTL,D,39,27,7,20,0.69,9.3,2026-01-01 20:47:29
Anthony Mantha,PIT,R,38,27,14,13,0.71,19.7,2026-01-01 20:47:29
Auston Matthews,TOR,C,33,27,15,12,0.82,11.7,2026-01-01 20:47:29
Claude Giroux,OTT,R,39,27,7,20,0.69,10.8,2026-01-01 20:47:29
Andrei Svechnikov,CAR,R,39,27,10,17,0.69,9.3,2026-01-01 20:47:29
Steven Stamkos,NSH,C,39,26,18,8,0.67,19.6,2026-01-01 20:47:29
Pavel Zacha,BOS,C,40,26,10,16,0.65,15.9,2026-01-01 20:47:29
Rasmus Andersson,CGY,D,40,26,8,18,0.65,8.3,2026-01-01 20:47:29
Tyler Toffoli,SJS,C,40,26,10,16,0.65,11.4,2026-01-01 20:47:29
Alexander Wennberg,SJS,C,40,26,7,19,0.65,14.9,2026-01-01 20:47:29
William Eklund,SJS,L,36,26,10,16,0.72,10.9,2026-01-01 20:47:29
Matthew Schaefer,NYI,D,41,26,10,16,0.63,9.0,2026-01-01 20:47:29
Valeri Nichushkin,COL,R,31,26,11,15,0.84,13.1,2026-01-01 20:47:29
Nikolaj Ehlers,CAR,L,39,26,8,18,0.67,8.4,2026-01-01 20:47:29
Josh Doan,BUF,R,39,26,11,15,0.67,11.2,2026-01-01 20:47:29
Kevin Fiala,LAK,L,38,25,13,12,0.66,12.1,2026-01-01 20:47:29
Eeli Tolvanen,SEA,R,37,25,7,18,0.68,10.9,2026-01-01 20:47:29
Christian Dvorak,PHI,C,38,25,9,16,0.66,12.2,2026-01-01 20:47:29
Charlie Coyle,CBJ,C,39,25,6,19,0.64,11.5,2026-01-01 20:47:29
Dmitri Voronkov,CBJ,L,39,25,13,12,0.64,16.9,2026-01-01 20:47:29
Mason McTavish,ANA,C,40,25,10,15,0.62,12.2,2026-01-01 20:47:29
Mikael Backlund,CGY,C,40,25,10,15,0.62,10.6,2026-01-01 20:47:29
Elias Lindholm,BOS,C,31,25,6,19,0.81,11.8,2026-01-01 20:47:29
Morgan Rielly,TOR,D,38,25,5,20,0.66,6.8,2026-01-01 20:47:29
Anders Lee,NYI,L,41,25,10,15,0.61,10.0,2026-01-01 20:47:29
Jordan Eberle,SEA,R,37,25,14,11,0.68,15.1,2026-01-01 20:47:29
Adam Fantilli,CBJ,C,39,25,12,13,0.64,11.2,2026-01-01 20:47:29
Dawson Mercer,NJD,C,40,24,10,14,0.6,12.0,2026-01-01 20:47:29
Chandler Stephenson,SEA,C,37,24,10,14,0.65,16.9,2026-01-01 20:47:29
Jackson Blake,CAR,R,39,24,12,12,0.62,14.3,2026-01-01 20:47:29
Seth Jones,FLA,D,39,24,6,18,0.62,7.7,2026-01-01 20:47:29
Timo Meier,NJD,R,35,24,11,13,0.69,9.6,2026-01-01 20:47:29
Oliver Ekman-Larsson,TOR,D,39,23,6,17,0.59,10.5,2026-01-01 20:47:29
Owen Tippett,PHI,R,39,23,12,11,0.59,12.8,2026-01-01 20:47:29
Elias Pettersson,VAN,C,31,23,9,14,0.74,14.8,2026-01-01 20:47:29
Jackson LaCombe,ANA,D,40,23,6,17,0.57,6.8,2026-01-01 20:47:29
Andre Burakovsky,CHI,L,34,23,9,14,0.68,20.5,2026-01-01 20:47:29
Logan Cooley,UTA,C,29,23,14,9,0.79,23.7,2026-01-01 20:47:29
Patrick Kane,DET,R,26,23,6,17,0.88,8.1,2026-01-01 20:47:29
Will Cuylle,NYR,L,42,23,10,13,0.55,12.2,2026-01-01 20:47:29
Sam Malinski,COL,D,39,22,3,19,0.56,4.5,2026-01-01 20:47:29
Ryan Leonard,WSH,R,34,22,7,15,0.65,10.1,2026-01-01 20:47:29
Jack Hughes,NJD,C,22,22,11,11,1.0,13.3,2026-01-01 20:47:29
Brayden Point,TBL,C,32,22,7,15,0.69,10.1,2026-01-01 20:47:29
Noah Cates,PHI,L,39,22,10,12,0.56,14.3,2026-01-01 20:47:29
Matvei Michkov,PHI,R,39,22,9,13,0.56,11.7,2026-01-01 20:47:29
Ryan McLeod,BUF,C,39,22,7,15,0.56,14.3,2026-01-01 20:47:29
Filip Hronek,VAN,D,39,22,2,20,0.56,3.6,2026-01-01 20:47:29
Zach Hyman,EDM,L,22,22,12,10,1.0,18.8,2026-01-01 20:47:29
Vincent Trocheck,NYR,C,28,22,9,13,0.79,18.8,2026-01-01 20:47:29
Conor Garland,VAN,R,33,22,7,15,0.67,9.0,2026-01-01 20:47:29
Matt Coronato,CGY,R,39,22,11,11,0.56,11.3,2026-01-01 20:47:29
Chris Kreider,ANA,L,36,22,13,9,0.61,17.6,2026-01-01 20:47:29
J.T. Miller,NYR,C,35,22,10,12,0.63,13.0,2026-01-01 20:47:29
Jack Quinn,BUF,R,39,22,7,15,0.56,9.9,2026-01-01 20:47:29
Anthony Cirelli,TBL,C,35,22,10,12,0.63,14.9,2026-01-01 20:47:29
Erik Haula,NSH,L,39,21,5,16,0.54,8.6,2026-01-01 20:47:29
Quinton Byfield,LAK,R,37,21,5,16,0.57,6.0,2026-01-01 20:47:29
David Perron,OTT,L,39,21,8,13,0.54,13.8,2026-01-01 20:47:29
Brock Faber,MIN,D,41,21,8,13,0.51,9.4,2026-01-01 20:47:29
Luke Hughes,NJD,D,40,21,4,17,0.52,4.4,2026-01-01 20:47:29
Andrew Copp,DET,C,41,21,4,17,0.51,6.9,2026-01-01 20:47:29
Sean Couturier,PHI,C,38,21,5,16,0.55,8.5,2026-01-01 20:47:29
Pavel Buchnevich,STL,L,41,21,7,14,0.51,10.3,2026-01-01 20:47:29
Matty Beniers,SEA,C,37,21,4,17,0.57,6.2,2026-01-01 20:47:29
Gabriel Landeskog,COL,L,39,21,6,15,0.54,7.1,2026-01-01 20:47:29
Collin Graf,SJS,R,39,21,11,10,0.54,24.4,2026-01-01 20:47:29
Connor McMichael,WSH,C,41,21,5,16,0.51,6.5,2026-01-01 20:47:29
Frank Nazar,CHI,C,33,21,6,15,0.64,9.1,2026-01-01 20:47:29
Anze Kopitar,LAK,C,34,20,6,14,0.59,12.2,2026-01-01 20:47:29
Justin Brazeau,PIT,R,24,20,12,8,0.83,28.6,2026-01-01 20:47:29
Jack Roslovic,EDM,C,28,20,12,8,0.71,18.5,2026-01-01 20:47:29
Oliver Kapanen,MTL,C,39,20,11,9,0.51,15.7,2026-01-01 20:47:29
Alexis Lafrenière,NYR,L,42,20,8,12,0.48,9.9,2026-01-01 20:47:29
Dmitry Orlov,SJS,D,40,20,1,19,0.5,2.3,2026-01-01 20:47:29
Kiefer Sherwood,VAN,L,39,20,16,4,0.51,17.0,2026-01-01 20:47:29
Vladimir Tarasenko,MIN,R,34,20,8,12,0.59,12.9,2026-01-01 20:47:29
Charlie McAvoy,BOS,D,29,20,1,19,0.69,2.2,2026-01-01 20:47:29
Shea Theodore,VGK,D,31,20,4,16,0.65,5.4,2026-01-01 20:47:29
Brent Burns,COL,D,39,20,5,15,0.51,6.2,2026-01-01 20:47:29
Jonathan Huberdeau,CGY,L,35,20,8,12,0.57,14.8,2026-01-01 20:47:29
Blake Coleman,CGY,L,40,20,12,8,0.5,12.8,2026-01-01 20:47:29
Tommy Novak,PIT,C,38,20,7,13,0.53,12.3,2026-01-01 20:47:29
Shane Pinto,OTT,C,29,20,12,8,0.69,17.6,2026-01-01 20:47:29
Bobby McMann,TOR,C,38,20,12,8,0.53,16.0,2026-01-01 20:47:29
Vince Dunn,SEA,D,36,20,5,15,0.56,6.0,2026-01-01 20:47:29
Justin Faulk,STL,D,41,20,10,10,0.49,12.8,2026-01-01 20:47:29
Bowen Byram,BUF,D,39,20,9,11,0.51,17.6,2026-01-01 20:47:29
Michael Bunting,NSH,L,39,20,10,10,0.51,15.2,2026-01-01 20:47:29
Evander Kane,VAN,L,38,19,6,13,0.5,6.1,2026-01-01 20:47:29
Nicholas Robertson,TOR,L,37,19,8,11,0.51,12.3,2026-01-01 20:47:29
Mattias Samuelsson,BUF,D,37,19,6,13,0.51,11.3,2026-01-01 20:47:29
Bobby Brink,PHI,R,39,19,10,9,0.49,14.5,2026-01-01 20:47:29
Cole Sillinger,CBJ,C,38,19,4,15,0.5,5.4,2026-01-01 20:47:29
Emmitt Finnie,DET,C,41,19,9,10,0.46,11.7,2026-01-01 20:47:29
Victor Olofsson,COL,L,39,19,7,12,0.49,9.2,2026-01-01 20:47:29
Kris Letang,PIT,D,38,19,2,17,0.5,3.1,2026-01-01 20:47:29
Mason Marchment,CBJ,L,34,19,8,11,0.56,14.0,2026-01-01 20:47:29
Evan Rodrigues,FLA,C,39,19,8,11,0.49,9.3,2026-01-01 20:47:29
Sean Monahan,CBJ,C,37,19,5,14,0.51,7.7,2026-01-01 20:47:29
Morgan Frost,CGY,C,40,19,8,11,0.48,10.8,2026-01-01 20:47:29
Brady Tkachuk,OTT,L,19,18,6,12,0.95,7.4,2026-01-01 20:47:29
Oliver Bjorkstrand,TBL,R,39,18,6,12,0.46,9.8,2026-01-01 20:47:29
Kyle Palmieri,NYI,C,25,18,6,12,0.72,8.5,2026-01-01 20:47:29
Simon Holmstrom,NYI,R,40,18,8,10,0.45,20.5,2026-01-01 20:47:29
Mike Matheson,MTL,D,37,18,4,14,0.49,8.2,2026-01-01 20:47:29
Brandt Clarke,LAK,D,38,18,5,13,0.47,6.9,2026-01-01 20:47:29
Alex Laferriere,LAK,R,38,18,10,8,0.47,11.0,2026-01-01 20:47:29
Artyom Levshunov,CHI,D,37,18,1,17,0.49,2.2,2026-01-01 20:47:29
Mackie Samoskevich,FLA,R,37,18,4,14,0.49,4.9,2026-01-01 20:47:29
Jason Zucker,BUF,L,21,18,9,9,0.86,18.4,2026-01-01 20:47:29
Emil Heineman,NYI,L,41,18,12,6,0.44,14.6,2026-01-01 20:47:29
Fabian Zetterlund,OTT,L,39,18,10,8,0.46,13.9,2026-01-01 20:47:29
Teuvo Teravainen,CHI,C,38,18,7,11,0.47,15.2,2026-01-01 20:47:29
Simon Nemec,NJD,D,31,18,7,11,0.58,14.0,2026-01-01 20:47:29
Eetu Luostarinen,FLA,C,31,18,4,14,0.58,7.8,2026-01-01 20:47:29
Joel Farabee,CGY,L,40,18,9,9,0.45,11.8,2026-01-01 20:47:29
Jamie Drysdale,PHI,D,39,18,3,15,0.46,7.0,2026-01-01 20:47:29
Lawson Crouse,UTA,L,41,18,9,9,0.44,13.6,2026-01-01 20:47:29
Jake DeBrusk,VAN,L,38,17,9,8,0.45,8.7,2026-01-01 20:47:29
Mats Zuccarello,MIN,R,21,17,4,13,0.81,10.3,2026-01-01 20:47:29
Viktor Arvidsson,BOS,L,29,17,7,10,0.59,9.7,2026-01-01 20:47:29
Brock Boeser,VAN,R,37,17,9,8,0.46,11.2,2026-01-01 20:47:29
Travis Sanheim,PHI,D,39,17,3,14,0.44,6.0,2026-01-01 20:47:29
Zach Benson,BUF,L,26,17,4,13,0.65,8.2,2026-01-01 20:47:29
Taylor Hall,CAR,L,39,17,7,10,0.44,11.5,2026-01-01 20:47:29
Zeev Buium,VAN,D,39,17,4,13,0.44,11.1,2026-01-01 20:47:29
Zachary Bolduc,MTL,R,39,17,10,7,0.44,17.5,2026-01-01 20:47:29
Nick Blankenburg,NSH,D,29,17,4,13,0.59,9.8,2026-01-01 20:47:29
Jacob Trouba,ANA,D,40,17,6,11,0.42,8.1,2026-01-01 20:47:29
Corey Perry,LAK,R,32,17,8,9,0.53,13.6,2026-01-01 20:47:29
Connor Brown,NJD,R,33,17,9,8,0.52,19.1,2026-01-01 20:47:29
Jordan Kyrou,STL,R,31,17,8,9,0.55,10.7,2026-01-01 20:47:29
John Marino,UTA,D,41,17,2,15,0.41,6.1,2026-01-01 20:47:29
Mattias Ekholm,EDM,D,41,17,3,14,0.41,4.0,2026-01-01 20:47:29
Roman Josi,NSH,D,27,17,4,13,0.63,5.7,2026-01-01 20:47:29
Jonathan Drouin,NYI,L,35,17,3,14,0.49,6.0,2026-01-01 20:47:29
Boone Jenner,CBJ,C,25,17,6,11,0.68,10.3,2026-01-01 20:47:29
Max Domi,TOR,C,37,17,4,13,0.46,7.0,2026-01-01 20:47:29
Ryan Pulock,NYI,D,41,17,1,16,0.41,1.9,2026-01-01 20:47:29
Arseny Gritsyuk,NJD,R,36,17,8,9,0.47,10.0,2026-01-01 20:47:29
Dylan Holloway,STL,L,33,17,8,9,0.52,10.5,2026-01-01 20:47:29
Jake Neighbours,STL,L,29,17,10,7,0.59,26.3,2026-01-01 20:47:29
Denton Mateychuk,CBJ,D,38,17,7,10,0.45,15.6,2026-01-01 20:47:29
Tyler Seguin,DAL,C,27,17,7,10,0.63,22.6,2026-01-01 20:47:29
Esa Lindell,DAL,D,40,17,4,13,0.42,10.0,2026-01-01 20:47:29
Joel Armia,LAK,R,38,16,9,7,0.42,19.1,2026-01-01 20:47:29
Vasily Podkolzin,EDM,R,41,16,9,7,0.39,14.5,2026-01-01 20:47:29
Michael Amadio,OTT,R,39,16,7,9,0.41,12.7,2026-01-01 20:47:29
Drew O'Connor,VAN,L,39,16,10,6,0.41,20.8,2026-01-01 20:47:29
Linus Karlsson,VAN,C,36,16,9,7,0.44,17.6,2026-01-01 20:47:29
Jake McCabe,TOR,D,39,16,3,13,0.41,11.1,2026-01-01 20:47:29
Brayden Schenn,STL,C,41,16,8,8,0.39,14.3,2026-01-01 20:47:29
Jordan Staal,CAR,C,36,16,10,6,0.44,20.4,2026-01-01 20:47:29
Brandon Montour,SEA,D,27,16,6,10,0.59,8.8,2026-01-01 20:47:29
Ryan Shea,PIT,D,38,16,2,14,0.42,6.1,2026-01-01 20:47:29
Logan Stankoven,CAR,C,39,16,6,10,0.41,7.1,2026-01-01 20:47:29
Ryan Hartman,MIN,R,37,16,9,7,0.43,12.2,2026-01-01 20:47:29
Casey Mittelstadt,BOS,C,31,16,9,7,0.52,25.7,2026-01-01 20:47:29
John Klingberg,SJS,D,31,16,9,7,0.52,18.8,2026-01-01 20:47:29
Axel Sandin-Pellikka,DET,D,41,15,4,11,0.37,9.1,2026-01-01 20:47:29
A.J. Greer,FLA,L,39,15,7,8,0.38,14.6,2026-01-01 20:47:29
Vladislav Gavrikov,NYR,D,42,15,7,8,0.36,12.3,2026-01-01 20:47:29
Olen Zellweger,ANA,D,39,15,5,10,0.38,7.6,2026-01-01 20:47:29
Ben Kindel,PIT,C,35,15,8,7,0.43,10.5,2026-01-01 20:47:29
Philipp Kurashev,SJS,C,31,15,6,9,0.48,12.2,2026-01-01 20:47:29
Ryan Donato,CHI,C,39,15,9,6,0.38,13.4,2026-01-01 20:47:29
Ross Colton,COL,C,39,15,5,10,0.38,6.1,2026-01-01 20:47:29
Jaden Schwartz,SEA,L,23,15,8,7,0.65,16.7,2026-01-01 20:47:29
Nino Niederreiter,WPG,R,38,15,6,9,0.39,11.5,2026-01-01 20:47:29
Mikael Granlund,ANA,C,22,15,7,8,0.68,14.9,2026-01-01 20:47:29
Fraser Minten,BOS,C,41,15,6,9,0.37,12.8,2026-01-01 20:47:29
Aaron Ekblad,FLA,D,38,15,2,13,0.39,3.8,2026-01-01 20:47:29
Mason Lohrei,BOS,D,36,15,2,13,0.42,6.5,2026-01-01 20:47:29
Cam York,PHI,D,32,15,2,13,0.47,5.4,2026-01-01 20:47:29
Jean-Gabriel Pageau,NYI,C,33,15,6,9,0.45,18.2,2026-01-01 20:47:29
Darnell Nurse,EDM,D,41,15,6,9,0.37,7.1,2026-01-01 20:47:29
Marco Rossi,VAN,C,25,15,5,10,0.6,13.9,2026-01-01 20:47:29
Tanner Jeannot,BOS,L,38,15,4,11,0.39,9.3,2026-01-01 20:47:29
Radek Faksa,DAL,C,39,15,1,14,0.38,4.5,2026-01-01 20:47:29
Damon Severson,CBJ,D,39,15,3,12,0.38,6.4,2026-01-01 20:47:29
Simon Edvinsson,DET,D,38,14,5,9,0.37,10.2,2026-01-01 20:47:29
Michael Eyssimont,BOS,C,38,14,6,8,0.37,7.8,2026-01-01 20:47:29
Peyton Krebs,BUF,C,39,14,3,11,0.36,6.4,2026-01-01 20:47:29
MacKenzie Weegar,CGY,D,40,14,3,11,0.35,3.2,2026-01-01 20:47:29
Joel Edmundson,LAK,D,38,14,2,12,0.37,3.8,2026-01-01 20:47:29
Pius Suter,STL,C,37,14,7,7,0.38,11.3,2026-01-01 20:47:29
Josh Manson,COL,D,39,14,2,12,0.36,3.8,2026-01-01 20:47:29
Cam Fowler,STL,D,41,14,1,13,0.34,1.7,2026-01-01 20:47:29
Ivan Provorov,CBJ,D,39,14,5,9,0.36,6.7,2026-01-01 20:47:29
Noah Hanifin,VGK,D,28,14,2,12,0.5,2.7,2026-01-01 20:47:29
Shane Wright,SEA,C,37,14,6,8,0.38,10.3,2026-01-01 20:47:29
Nicolas Roy,TOR,C,36,14,4,10,0.39,10.5,2026-01-01 20:47:29
Ridly Greig,OTT,C,34,14,5,9,0.41,8.5,2026-01-01 20:47:29
Matthew Wood,NSH,R,32,14,8,6,0.44,14.8,2026-01-01 20:47:29
K'Andre Miller,CAR,D,31,14,2,12,0.45,3.8,2026-01-01 20:47:29
Max Shabanov,NYI,R,28,14,4,10,0.5,11.8,2026-01-01 20:47:29
Jamie Benn,DAL,L,21,14,7,7,0.67,21.2,2026-01-01 20:47:29
Thomas Harley,DAL,D,28,14,2,12,0.5,5.7,2026-01-01 20:47:29
Adam Gaudette,SJS,R,33,14,8,6,0.42,16.3,2026-01-01 20:47:29
Ryan Poehling,ANA,C,33,14,2,12,0.42,6.2,2026-01-01 20:47:29
Ryan Greene,CHI,C,39,14,4,10,0.36,8.5,2026-01-01 20:47:29
Gustav Forsling,FLA,D,39,14,1,13,0.36,2.2,2026-01-01 20:47:29
Alexander Nikishin,CAR,D,38,14,4,10,0.37,6.5,2026-01-01 20:47:29
Anthony Duclair,NYI,L,39,13,4,9,0.33,8.5,2026-01-01 20:47:29
Danila Yurov,MIN,R,34,13,4,9,0.38,10.5,2026-01-01 20:47:29
Trevor Moore,LAK,L,37,13,5,8,0.35,7.5,2026-01-01 20:47:29
Brady Skjei,NSH,D,39,13,1,12,0.33,1.7,2026-01-01 20:47:29
J.J. Moser,TBL,D,37,13,4,9,0.35,7.7,2026-01-01 20:47:29
Tony DeAngelo,NYI,D,41,13,1,12,0.32,1.4,2026-01-01 20:47:29
Morgan Barron,WPG,C,32,13,7,6,0.41,13.7,2026-01-01 20:47:29
Charle-Edouard D'Astous,TBL,D,32,13,3,10,0.41,7.9,2026-01-01 20:47:29
Anthony Beauvillier,WSH,L,41,13,8,5,0.32,9.4,2026-01-01 20:47:29
Alex Iafallo,WPG,L,38,13,6,7,0.34,11.1,2026-01-01 20:47:29
Rickard Rakell,PIT,R,18,13,4,9,0.72,9.1,2026-01-01 20:47:29
Drew Doughty,LAK,D,31,13,3,10,0.42,7.0,2026-01-01 20:47:29
Marat Khusnutdinov,BOS,C,36,13,5,8,0.36,13.5,2026-01-01 20:47:29
Rasmus Sandin,WSH,D,35,13,2,11,0.37,4.9,2026-01-01 20:47:29
Parker Kelly,COL,C,39,13,7,6,0.33,13.2,2026-01-01 20:47:29
Devon Toews,COL,D,39,13,1,12,0.33,1.5,2026-01-01 20:47:29
Michael Carcone,UTA,L,39,13,6,7,0.33,7.7,2026-01-01 20:47:29
Justin Sourdif,WSH,R,40,13,5,8,0.32,10.4,2026-01-01 20:47:29
Ethen Frank,WSH,C,30,13,6,7,0.43,15.0,2026-01-01 20:47:29
Jordan Martinook,CAR,L,36,13,6,7,0.36,12.8,2026-01-01 20:47:29
Dylan DeMelo,WPG,D,38,13,1,12,0.34,3.6,2026-01-01 20:47:29
Connor Zary,CGY,C,38,13,6,7,0.34,12.5,2026-01-01 20:47:29
Yegor Sharangovich,CGY,C,36,13,8,5,0.36,12.5,2026-01-01 20:47:29
Logan Stanley,WPG,D,38,13,7,6,0.34,16.3,2026-01-01 20:47:29
Philip Broberg,STL,D,41,13,2,11,0.32,3.8,2026-01-01 20:47:29
Yanni Gourde,TBL,C,39,13,5,8,0.33,8.8,2026-01-01 20:47:29
Tyson Foerster,PHI,R,21,13,10,3,0.62,24.4,2026-01-01 20:47:29
Matias Maccelli,TOR,L,28,13,5,8,0.46,20.8,2026-01-01 20:47:29
Michael Rasmussen,DET,C,36,13,5,8,0.36,14.3,2026-01-01 20:47:29
Matt Savoie,EDM,C,41,13,7,6,0.32,13.5,2026-01-01 20:47:29
Jordan Spence,OTT,D,30,13,2,11,0.43,4.8,2026-01-01 20:47:29
Braeden Bowman,VGK,R,23,13,5,8,0.57,13.2,2026-01-01 20:47:29
Thomas Chabot,OTT,D,24,13,2,11,0.54,6.1,2026-01-01 20:47:29
J.T. Compher,DET,L,41,13,4,9,0.32,8.9,2026-01-01 20:47:29
Justin Hryckowian,DAL,C,39,13,6,7,0.33,15.0,2026-01-01 20:47:29
Mark Kastelic,BOS,C,41,13,6,7,0.32,10.7,2026-01-01 20:47:29
Hampus Lindholm,BOS,D,33,13,3,10,0.39,5.2,2026-01-01 20:47:29
Mavrik Bourque,DAL,C,40,13,6,7,0.32,8.8,2026-01-01 20:47:29
Sam Steel,DAL,C,40,13,6,7,0.32,14.6,2026-01-01 20:47:29
Nikita Zadorov,BOS,D,41,13,1,12,0.32,2.0,2026-01-01 20:47:29
Noah Laba,NYR,C,42,12,5,7,0.29,11.6,2026-01-01 20:47:29
Josh Norris,BUF,C,13,12,5,7,0.92,26.3,2026-01-01 20:47:29
Noah Ostlund,BUF,C,28,12,7,5,0.43,22.6,2026-01-01 20:47:29
Jimmy Snuggerud,STL,R,29,12,6,6,0.41,11.8,2026-01-01 20:47:29
Andrei Kuzmenko,LAK,L,33,12,7,5,0.36,16.3,2026-01-01 20:47:29
Nate Schmidt,UTA,D,41,12,2,10,0.29,4.9,2026-01-01 20:47:29
Alex Newhook,MTL,C,17,12,6,6,0.71,25.0,2026-01-01 20:47:29
Victor Hedman,TBL,D,18,12,0,12,0.67,0.0,2026-01-01 20:47:29
Eric Robinson,CAR,L,33,12,9,3,0.36,18.0,2026-01-01 20:47:29
Yakov Trenin,MIN,C,41,12,2,10,0.29,4.0,2026-01-01 20:47:29
Louis Crevier,CHI,D,38,12,3,9,0.32,5.4,2026-01-01 20:47:29
Jack Drury,COL,C,39,12,6,6,0.31,14.0,2026-01-01 20:47:29
Pontus Holmberg,TBL,R,32,12,6,6,0.38,14.6,2026-01-01 20:47:29
Miles Wood,CBJ,L,32,12,8,4,0.38,15.7,2026-01-01 20:47:29
Jonas Brodin,MIN,D,36,12,3,9,0.33,9.1,2026-01-01 20:47:29
Brendan Gallagher,MTL,R,39,12,2,10,0.31,3.4,2026-01-01 20:47:29
Parker Wotherspoon,PIT,D,38,12,2,10,0.32,5.6,2026-01-01 20:47:29
Artem Zub,OTT,D,38,12,3,9,0.32,7.3,2026-01-01 20:47:29
Josh Anderson,MTL,R,39,12,8,4,0.31,15.7,2026-01-01 20:47:29
Ian Cole,UTA,D,41,12,2,10,0.29,6.5,2026-01-01 20:47:29
Connor Dewar,PIT,C,38,12,6,6,0.32,10.5,2026-01-01 20:47:29
Martin Fehérváry,WSH,D,41,12,3,9,0.29,6.2,2026-01-01 20:47:29
Brenden Dillon,NJD,D,40,11,3,8,0.28,10.3,2026-01-01 20:47:29
Colton Parayko,STL,D,41,11,0,11,0.27,0.0,2026-01-01 20:47:29
Barrett Hayton,UTA,C,36,11,4,7,0.31,6.7,2026-01-01 20:47:29
Taylor Raddysh,NYR,R,39,11,7,4,0.28,21.2,2026-01-01 20:47:29
Aatu Raty,VAN,C,31,11,3,8,0.35,11.5,2026-01-01 20:47:29
Tom Willander,VAN,D,29,11,2,9,0.38,8.0,2026-01-01 20:47:29
Steven Lorentz,TOR,C,32,11,4,7,0.34,13.3,2026-01-01 20:47:29
Easton Cowan,TOR,R,28,11,4,7,0.39,8.7,2026-01-01 20:47:29
Gage Goncalves,TBL,C,35,11,3,8,0.31,11.5,2026-01-01 20:47:29
Ty Dellandrea,SJS,C,40,11,2,9,0.28,4.8,2026-01-01 20:47:29
Alex Killorn,ANA,L,40,11,2,9,0.28,3.0,2026-01-01 20:47:29
Matt Roy,WSH,D,41,11,1,10,0.27,1.9,2026-01-01 20:47:29
Brett Howden,VGK,C,34,11,7,4,0.32,18.4,2026-01-01 20:47:29
Kent Johnson,CBJ,C,38,11,3,8,0.29,5.3,2026-01-01 20:47:29
Samuel Girard,COL,D,24,11,3,8,0.46,13.6,2026-01-01 20:47:29
Oliver Moore,CHI,C,27,11,3,8,0.41,8.8,2026-01-01 20:47:29
Andrew Mangiapane,EDM,L,40,11,5,6,0.28,12.5,2026-01-01 20:47:29
Sean Walker,CAR,D,39,11,4,7,0.28,4.4,2026-01-01 20:47:29
Jonathan Toews,WPG,C,38,11,3,8,0.29,5.6,2026-01-01 20:47:29
Mason Appleton,DET,C,31,11,5,6,0.35,14.3,2026-01-01 20:47:29
James van Riemsdyk,DET,L,32,11,9,2,0.34,15.8,2026-01-01 20:47:29
Jared Spurgeon,MIN,D,41,11,3,8,0.27,6.4,2026-01-01 20:47:29
Owen Power,BUF,D,38,11,3,8,0.29,5.3,2026-01-01 20:47:29
Alex Steeves,BOS,C,24,11,8,3,0.46,24.2,2026-01-01 20:47:29
Sean Kuraly,BOS,C,41,11,3,8,0.27,5.1,2026-01-01 20:47:29
Pavel Mintyukov,ANA,D,35,11,5,6,0.31,13.9,2026-01-01 20:47:29
Ben Hutton,VGK,D,31,11,6,5,0.35,12.5,2026-01-01 20:47:29
Ross Johnston,ANA,L,38,11,2,9,0.29,9.1,2026-01-01 20:47:29
Nick Cousins,OTT,C,38,10,6,4,0.26,20.0,2026-01-01 20:47:29
Jake Walman,EDM,D,17,10,3,7,0.59,13.0,2026-01-01 20:47:29
Adam Henrique,EDM,C,41,10,2,8,0.24,3.2,2026-01-01 20:47:29
Calum Ritchie,NYI,C,30,10,6,4,0.33,17.6,2026-01-01 20:47:29
Jack McBain,UTA,C,41,10,4,6,0.24,7.4,2026-01-01 20:47:29
Emil Andrae,PHI,D,28,10,1,9,0.36,4.2,2026-01-01 20:47:29
Jake Evans,MTL,C,34,10,5,5,0.29,14.7,2026-01-01 20:47:29
Sean Durzi,UTA,D,20,10,1,9,0.5,2.7,2026-01-01 20:47:29
Ilya Mikheyev,CHI,R,35,10,6,4,0.29,9.8,2026-01-01 20:47:29
Kevin Stenlund,UTA,C,41,10,3,7,0.24,8.1,2026-01-01 20:47:29
Oskar Sundqvist,STL,C,32,10,1,9,0.31,4.3,2026-01-01 20:47:29
Jonatan Berggren,STL,R,21,10,4,6,0.48,14.3,2026-01-01 20:47:29
Dakota Joshua,TOR,C,36,10,6,4,0.28,18.8,2026-01-01 20:47:29
Paul Cotter,NJD,L,40,10,5,5,0.25,13.2,2026-01-01 20:47:29
Jonathan Marchessault,NSH,R,28,10,7,3,0.36,11.7,2026-01-01 20:47:29
Reilly Smith,VGK,R,35,10,5,5,0.29,13.9,2026-01-01 20:47:29
Max Sasson,VAN,C,36,10,8,2,0.28,21.1,2026-01-01 20:47:29
Nick Jensen,OTT,D,38,9,2,7,0.24,8.3,2026-01-01 20:47:29
Nikita Nesterenko,ANA,C,25,9,1,8,0.36,3.8,2026-01-01 20:47:29
Nic Dowd,WSH,C,33,9,2,7,0.27,5.9,2026-01-01 20:47:29
Andrew Peeke,BOS,D,41,9,4,5,0.22,8.5,2026-01-01 20:47:29
Nicolas Hague,NSH,D,31,9,1,8,0.29,5.0,2026-01-01 20:47:29
Jared McCann,SEA,L,13,9,6,3,0.69,18.8,2026-01-01 20:47:29
Nathan Walker,STL,L,25,9,3,6,0.36,11.1,2026-01-01 20:47:29
Kaedan Korczak,VGK,D,38,9,3,6,0.24,9.7,2026-01-01 20:47:29
Alexander Petrovic,DAL,D,38,9,2,7,0.24,4.7,2026-01-01 20:47:29
Nick Paul,TBL,L,20,9,4,5,0.45,13.3,2026-01-01 20:47:29
Spencer Stastney,EDM,D,40,9,1,8,0.22,2.6,2026-01-01 20:47:29
Mathieu Olivier,CBJ,R,26,9,3,6,0.35,9.1,2026-01-01 20:47:29
Mario Ferraro,SJS,D,40,9,2,7,0.22,4.3,2026-01-01 20:47:29
Drew Helleson,ANA,D,36,9,2,7,0.25,7.4,2026-01-01 20:47:29
Conor Sheary,NYR,L,37,9,1,8,0.24,1.8,2026-01-01 20:47:29
Cody Glass,NJD,C,29,9,7,2,0.31,14.3,2026-01-01 20:47:29
Dalibor Dvorsky,STL,R,31,9,6,3,0.29,14.6,2026-01-01 20:47:29
Kailer Yamamoto,UTA,R,26,9,4,5,0.35,20.0,2026-01-01 20:47:29
Wyatt Kaiser,CHI,D,39,9,4,5,0.23,10.0,2026-01-01 20:47:29
Alexandre Carrier,MTL,D,39,9,1,8,0.23,3.6,2026-01-01 20:47:29
Fedor Svechkov,NSH,C,37,9,2,7,0.24,4.2,2026-01-01 20:47:29
Gavin Brindley,COL,C,27,9,5,4,0.33,14.7,2026-01-01 20:47:29
Jonny Brodzinski,NYR,C,27,9,4,5,0.33,12.5,2026-01-01 20:47:29
Ondrej Palat,NJD,L,40,8,2,6,0.2,4.1,2026-01-01 20:47:29
Mathieu Joseph,STL,R,33,8,2,6,0.24,7.1,2026-01-01 20:47:29
Dougie Hamilton,NJD,D,36,8,4,4,0.22,4.3,2026-01-01 20:47:29
Vladislav Namestnikov,WPG,C,38,8,6,2,0.21,12.2,2026-01-01 20:47:29
Adam Klapka,CGY,R,39,8,3,5,0.21,7.5,2026-01-01 20:47:29
Nick Perbix,NSH,D,36,8,3,5,0.22,7.7,2026-01-01 20:47:29
Braden Schneider,NYR,D,42,8,2,6,0.19,4.0,2026-01-01 20:47:29
Marcus Pettersson,VAN,D,39,8,1,7,0.21,3.4,2026-01-01 20:47:29
Carl Grundstrom,PHI,R,13,8,7,1,0.62,36.8,2026-01-01 20:47:29
Ben Chiarot,DET,D,41,8,4,4,0.2,8.3,2026-01-01 20:47:29
Ryker Evans,SEA,D,23,8,3,5,0.35,15.0,2026-01-01 20:47:29
Kaapo Kakko,SEA,R,21,8,2,6,0.38,6.2,2026-01-01 20:47:29
Frederick Gaudreau,SEA,C,24,8,3,5,0.33,12.0,2026-01-01 20:47:29
William Carrier,CAR,L,32,8,3,5,0.25,8.8,2026-01-01 20:47:29
Adam Larsson,SEA,D,37,8,2,6,0.22,5.1,2026-01-01 20:47:29
Tyler Myers,VAN,D,39,8,1,7,0.21,2.4,2026-01-01 20:47:29
Nikita Grebenkin,PHI,R,28,8,2,6,0.29,13.3,2026-01-01 20:47:29
Igor Chernyshov,SJS,L,7,8,3,5,1.14,18.8,2026-01-01 20:47:29
Jason Dickinson,CHI,C,26,8,4,4,0.31,11.8,2026-01-01 20:47:29
Barclay Goodrow,SJS,C,40,8,3,5,0.2,8.8,2026-01-01 20:47:29
Alex Vlasic,CHI,D,38,8,2,6,0.21,5.7,2026-01-01 20:47:29
Jeff Skinner,SJS,L,27,8,5,3,0.3,10.9,2026-01-01 20:47:29
Noel Acciari,PIT,C,25,8,3,5,0.32,11.5,2026-01-01 20:47:29
Ryan McDonagh,TBL,D,18,8,4,4,0.44,23.5,2026-01-01 20:47:29
Sam Rinzel,CHI,D,28,8,1,7,0.29,2.6,2026-01-01 20:47:29
Jeff Petry,FLA,D,37,8,0,8,0.22,0.0,2026-01-01 20:47:29
Mikey Anderson,LAK,D,38,8,2,6,0.21,7.1,2026-01-01 20:47:29
Brian Dumoulin,LAK,D,38,8,0,8,0.21,0.0,2026-01-01 20:47:29
Jake Middleton,MIN,D,34,8,0,8,0.24,0.0,2026-01-01 20:47:29
Max Crozier,TBL,D,21,8,1,7,0.38,3.6,2026-01-01 20:47:29
Casey Cizikas,NYI,C,41,8,3,5,0.2,12.0,2026-01-01 20:47:29
Radko Gudas,ANA,D,27,8,1,7,0.3,2.9,2026-01-01 20:47:29
Sonny Milano,WSH,L,23,7,4,3,0.3,15.4,2026-01-01 20:47:29
Matt Grzelcyk,CHI,D,39,7,0,7,0.18,0.0,2026-01-01 20:47:29
Gustav Nyquist,WPG,R,29,7,0,7,0.24,0.0,2026-01-01 20:47:29
Nick Foligno,CHI,L,17,7,1,6,0.41,4.8,2026-01-01 20:47:29
Joel Nystrom,CAR,D,28,7,0,7,0.25,0.0,2026-01-01 20:47:29
Dominic James,TBL,C,24,7,2,5,0.29,8.0,2026-01-01 20:47:29
Uvis Balinskis,FLA,D,30,7,1,6,0.23,3.8,2026-01-01 20:47:29
Kirby Dach,MTL,C,15,7,5,2,0.47,22.7,2026-01-01 20:47:29
Yan Kuznetsov,CGY,D,26,7,2,5,0.27,9.1,2026-01-01 20:47:29
Tyson Jost,NSH,C,29,7,3,4,0.24,10.0,2026-01-01 20:47:29
Ilya Lyubushkin,DAL,D,28,7,1,6,0.25,5.6,2026-01-01 20:47:29
Cole Perfetti,WPG,C,24,7,2,5,0.29,4.9,2026-01-01 20:47:29
Oskar Bäck,DAL,C,30,7,3,4,0.23,17.6,2026-01-01 20:47:29
Cody Ceci,LAK,D,38,7,1,6,0.18,3.1,2026-01-01 20:47:29
Rodrigo Abols,PHI,C,34,7,2,5,0.21,5.7,2026-01-01 20:47:29
Colin Blackwell,DAL,C,36,7,2,5,0.19,6.9,2026-01-01 20:47:29
Nate Danielson,DET,C,26,7,2,5,0.27,6.5,2026-01-01 20:47:29
Jalen Chatfield,CAR,D,32,7,0,7,0.22,0.0,2026-01-01 20:47:29
Alexandre Texier,MTL,L,25,7,3,4,0.28,9.1,2026-01-01 20:47:29
Blake Lizotte,PIT,C,29,7,3,4,0.24,9.4,2026-01-01 20:47:29
Isak Rosen,BUF,R,13,7,3,4,0.54,21.4,2026-01-01 20:47:29
Colton Dach,CHI,C,39,7,3,4,0.18,7.0,2026-01-01 20:47:29
Kevin Bahl,CGY,D,39,7,3,4,0.18,9.7,2026-01-01 20:47:29
Ty Emberson,EDM,D,36,7,1,6,0.19,4.3,2026-01-01 20:47:29
Matthew Robertson,NYR,D,33,7,2,5,0.21,6.7,2026-01-01 20:47:29
Michael McCarron,NSH,C,38,7,1,6,0.18,2.1,2026-01-01 20:47:29
Sam Carrick,NYR,C,42,7,1,6,0.17,2.2,2026-01-01 20:47:29
Stefan Noesen,NJD,R,34,7,3,4,0.21,6.4,2026-01-01 20:47:29
Zemgus Girgensons,TBL,C,32,7,5,2,0.22,10.9,2026-01-01 20:47:29
Jesper Boqvist,FLA,C,39,7,3,4,0.18,8.6,2026-01-01 20:47:29
William Karlsson,VGK,C,14,7,4,3,0.5,13.3,2026-01-01 20:47:29
Alex Turcotte,LAK,C,37,6,2,4,0.16,5.6,2026-01-01 20:47:29
Yegor Chinakhov,PIT,R,29,6,3,3,0.21,8.3,2026-01-01 20:47:29
Adam Wilsby,NSH,D,29,6,1,5,0.21,4.0,2026-01-01 20:47:29
Vinnie Hinostroza,MIN,C,28,6,2,4,0.21,8.3,2026-01-01 20:47:29
Ryan Strome,ANA,C,21,6,2,4,0.29,8.0,2026-01-01 20:47:29
Troy Stecher,TOR,D,26,6,1,5,0.23,5.0,2026-01-01 20:47:29
Frank Vatrano,ANA,R,38,6,3,3,0.16,4.4,2026-01-01 20:47:29
Keegan Kolesar,VGK,R,38,6,0,6,0.16,0.0,2026-01-01 20:47:29
Nico Sturm,MIN,C,19,6,2,4,0.32,10.0,2026-01-01 20:47:29
Hendrix Lapierre,WSH,C,38,6,0,6,0.16,0.0,2026-01-01 20:47:29
Brandon Duhaime,WSH,R,41,6,4,2,0.15,14.3,2026-01-01 20:47:29
Shakir Mukhamadullin,SJS,D,22,6,2,4,0.27,11.1,2026-01-01 20:47:29
Dante Fabbro,CBJ,D,39,6,2,4,0.15,5.1,2026-01-01 20:47:29
Ian Moore,ANA,D,26,6,2,4,0.23,7.4,2026-01-01 20:47:29
Jesperi Kotkaniemi,CAR,C,23,6,2,4,0.26,7.4,2026-01-01 20:47:29
Mike Reilly,CAR,D,26,6,1,5,0.23,2.3,2026-01-01 20:47:29
Jamie Oleksiak,SEA,D,35,6,2,4,0.17,5.3,2026-01-01 20:47:29
Adam Lowry,WPG,C,26,6,2,4,0.23,7.7,2026-01-01 20:47:29
Elias Pettersson,VAN,D,35,6,1,5,0.17,5.0,2026-01-01 20:47:29
Mattias Janmark,EDM,C,25,6,1,5,0.24,5.9,2026-01-01 20:47:29
Tyler Tucker,STL,D,36,6,1,5,0.17,2.6,2026-01-01 20:47:29
Neal Pionk,WPG,D,34,6,2,4,0.18,2.9,2026-01-01 20:47:29
Warren Foegele,LAK,L,30,6,5,1,0.2,10.9,2026-01-01 20:47:29
Joel Hanley,CGY,D,37,6,0,6,0.16,0.0,2026-01-01 20:47:29
Beck Malenstyn,BUF,L,38,6,3,3,0.16,7.7,2026-01-01 20:47:29
Henri Jokiharju,BOS,D,25,6,0,6,0.24,0.0,2026-01-01 20:47:29
Cole Koepke,WPG,L,24,6,2,4,0.25,6.9,2026-01-01 20:47:29
Jani Nyman,SEA,R,24,6,4,2,0.25,12.9,2026-01-01 20:47:29
Emil Lilleberg,TBL,D,32,6,2,4,0.19,8.3,2026-01-01 20:47:29
Conor Timmins,BUF,D,33,6,0,6,0.18,0.0,2026-01-01 20:47:29
Ryan Winterton,SEA,C,35,6,3,3,0.17,9.1,2026-01-01 20:47:29
Stephen Halliday,OTT,C,15,6,0,6,0.4,0.0,2026-01-01 20:47:29
Tye Kartye,SEA,L,34,6,2,4,0.18,8.3,2026-01-01 20:47:29
Niko Mikkola,FLA,D,39,6,1,5,0.15,2.6,2026-01-01 20:47:29
Carson Soucy,NYR,D,38,6,3,3,0.16,9.1,2026-01-01 20:47:29
Tanner Pearson,WPG,L,32,6,4,2,0.19,15.4,2026-01-01 20:47:29
Mark Jankowski,CAR,L,28,6,2,4,0.21,6.9,2026-01-01 20:47:29
Lars Eller,OTT,C,28,6,2,4,0.21,8.3,2026-01-01 20:47:29
Jiri Kulich,BUF,C,12,5,3,2,0.42,15.0,2026-01-01 20:47:29
Cole Smith,NSH,R,20,5,4,1,0.25,16.7,2026-01-01 20:47:29
Connor Murphy,CHI,D,39,5,0,5,0.13,0.0,2026-01-01 20:47:29
Ryan Lomberg,CGY,L,36,5,3,2,0.14,8.6,2026-01-01 20:47:29
Dylan Samberg,WPG,D,22,5,0,5,0.23,0.0,2026-01-01 20:47:29
Nick Bjugstad,STL,C,25,5,4,1,0.2,10.3,2026-01-01 20:47:29
Berkly Catton,SEA,C,24,5,0,5,0.21,0.0,2026-01-01 20:47:29
Ben Meyers,SEA,C,19,5,2,3,0.26,9.1,2026-01-01 20:47:29
Scott Laughton,TOR,C,21,5,4,1,0.24,14.8,2026-01-01 20:47:29
Brandon Saad,VGK,L,35,5,1,4,0.14,1.7,2026-01-01 20:47:29
Calle Jarnkrok,TOR,C,23,5,5,0,0.22,21.7,2026-01-01 20:47:29
Ryan Lindgren,SEA,D,37,5,1,4,0.14,3.6,2026-01-01 20:47:29
Sammy Blais,MTL,L,12,5,2,3,0.42,22.2,2026-01-01 20:47:29
Colton Sissons,VGK,C,34,5,3,2,0.15,8.8,2026-01-01 20:47:29
Scott Mayfield,NYI,D,39,5,1,4,0.13,2.6,2026-01-01 20:47:29
Lukas Reichel,VAN,L,19,5,2,3,0.26,13.3,2026-01-01 20:47:29
Gabe Perreault,NYR,R,9,5,1,4,0.56,14.3,2026-01-01 20:47:29
Zach Whitecloud,VGK,D,38,5,1,4,0.13,3.8,2026-01-01 20:47:29
Isac Lundeström,CBJ,C,35,5,1,4,0.14,3.3,2026-01-01 20:47:29
Noah Juulsen,PHI,D,28,5,1,4,0.18,5.3,2026-01-01 20:47:29
Kevin Hayes,PIT,R,21,5,3,2,0.24,8.1,2026-01-01 20:47:29
Adam Pelech,NYI,D,41,5,2,3,0.12,3.4,2026-01-01 20:47:29
Trevor van Riemsdyk,WSH,D,31,5,1,4,0.16,5.9,2026-01-01 20:47:29
Jeremy Lauzon,VGK,D,24,5,0,5,0.21,0.0,2026-01-01 20:47:29
Tyler Kleven,OTT,D,34,5,0,5,0.15,0.0,2026-01-01 20:47:29
Zakhar Bardakov,COL,C,26,5,1,4,0.19,5.6,2026-01-01 20:47:29
Matt Duchene,DAL,C,15,5,2,3,0.33,12.5,2026-01-01 20:47:29
Arshdeep Bains,VAN,L,26,5,1,4,0.19,7.1,2026-01-01 20:47:29
Phillip Danault,MTL,C,33,5,0,5,0.15,0.0,2026-01-01 20:47:29
Albert Johansson,DET,D,41,5,0,5,0.12,0.0,2026-01-01 20:47:29
Jayden Struble,MTL,D,30,5,0,5,0.17,0.0,2026-01-01 20:47:29
Marco Kasper,DET,C,40,5,3,2,0.12,4.9,2026-01-01 20:47:29
Nick Seeler,PHI,D,39,4,0,4,0.1,0.0,2026-01-01 20:47:29
Tyson Kozak,BUF,C,24,4,2,2,0.17,10.5,2026-01-01 20:47:29
Adam Erne,DAL,L,16,4,3,1,0.25,21.4,2026-01-01 20:47:29
Kyle Capobianco,DAL,D,19,4,1,3,0.21,8.3,2026-01-01 20:47:29
Ozzy Wiesblatt,NSH,C,24,4,1,3,0.17,4.5,2026-01-01 20:47:29
Adam Edstrom,NYR,C,24,4,2,2,0.17,9.5,2026-01-01 20:47:29
Nils Lundkvist,DAL,D,13,4,2,2,0.31,22.2,2026-01-01 20:47:29
Mackenzie MacEachern,VAN,L,8,4,1,3,0.5,16.7,2026-01-01 20:47:29
Jacob Bryson,BUF,D,23,4,1,3,0.17,14.3,2026-01-01 20:47:29
Cole Reinhardt,VGK,L,26,4,1,3,0.15,6.2,2026-01-01 20:47:29
Samuel Honzek,CGY,L,18,4,2,2,0.22,9.1,2026-01-01 20:47:29
Will Borgen,NYR,D,35,4,2,2,0.11,5.6,2026-01-01 20:47:29
Nikolas Matinpalo,OTT,D,28,4,0,4,0.14,0.0,2026-01-01 20:47:29
Luke Schenn,WPG,D,27,4,0,4,0.15,0.0,2026-01-01 20:47:29
Josh Dunne,BUF,C,26,4,1,3,0.15,4.5,2026-01-01 20:47:29
Justin Barron,NSH,D,19,4,0,4,0.21,0.0,2026-01-01 20:47:29
Otto Stenberg,STL,C,7,4,0,4,0.57,0.0,2026-01-01 20:47:29
John Leonard,DET,L,7,4,2,2,0.57,25.0,2026-01-01 20:47:29
Filip Hallander,PIT,C,13,4,1,3,0.31,4.5,2026-01-01 20:47:29
Jordan Greenway,BUF,L,24,4,1,3,0.17,4.0,2026-01-01 20:47:29
Brendan Gaunce,CBJ,C,15,4,1,3,0.27,7.7,2026-01-01 20:47:29
Sam Dickinson,SJS,D,31,4,1,3,0.13,3.6,2026-01-01 20:47:29
Erik Cernak,TBL,D,20,4,0,4,0.2,0.0,2026-01-01 20:47:29
Liam Ohgren,VAN,L,26,4,2,2,0.15,6.2,2026-01-01 20:47:29
Joel Kiviranta,COL,L,21,4,1,3,0.19,7.7,2026-01-01 20:47:29
Brett Pesce,NJD,D,16,4,1,3,0.25,4.8,2026-01-01 20:47:29
Reid Schaefer,NSH,L,16,4,4,0,0.25,33.3,2026-01-01 20:47:29
Ville Koivunen,PIT,R,26,4,1,3,0.15,3.7,2026-01-01 20:47:29
Timothy Liljegren,SJS,D,28,4,0,4,0.14,0.0,2026-01-01 20:47:29
Colton White,NJD,D,20,4,0,4,0.2,0.0,2026-01-01 20:47:29
Jonah Gadjovich,FLA,L,10,3,0,3,0.3,0.0,2026-01-01 20:47:29
Urho Vaakanainen,NYR,D,19,3,0,3,0.16,0.0,2026-01-01 20:47:29
Matthew Kessel,STL,D,19,3,2,1,0.16,18.2,2026-01-01 20:47:29
Juuso Parssinen,NYR,C,14,3,2,1,0.21,16.7,2026-01-01 20:47:29
Simon Benoit,TOR,D,34,3,0,3,0.09,0.0,2026-01-01 20:47:29
Marcus Foligno,MIN,L,31,3,1,2,0.1,3.3,2026-01-01 20:47:29
Filip Chytil,VAN,C,6,3,3,0,0.5,20.0,2026-01-01 20:47:29
Scott Morrow,NYR,D,16,3,0,3,0.19,0.0,2026-01-01 20:47:29
Jansen Harkins,ANA,C,18,3,3,0,0.17,23.1,2026-01-01 20:47:29
Isaac Howard,EDM,L,17,3,2,1,0.18,10.5,2026-01-01 20:47:29
Jonas Siegenthaler,NJD,D,40,3,0,3,0.08,0.0,2026-01-01 20:47:29
Zach Bogosian,MIN,D,21,3,1,2,0.14,5.6,2026-01-01 20:47:29
David Kampf,VAN,C,18,3,2,1,0.17,14.3,2026-01-01 20:47:29
Kyle MacLean,NYI,C,26,3,1,2,0.12,4.8,2026-01-01 20:47:29
Declan Carlile,TBL,D,18,3,1,2,0.17,6.7,2026-01-01 20:47:29
Marshall Warren,NYI,D,8,3,0,3,0.38,0.0,2026-01-01 20:47:29
Jack Finley,TBL,C,13,3,2,1,0.23,20.0,2026-01-01 20:47:29
Scott Sabourin,TBL,R,9,3,1,2,0.33,20.0,2026-01-01 20:47:29
Liam O'Brien,UTA,C,22,3,2,1,0.14,9.1,2026-01-01 20:47:29
Luke Kunin,FLA,C,29,3,2,1,0.1,8.7,2026-01-01 20:47:29
Vladislav Kolyachonok,BOS,D,13,3,1,2,0.23,8.3,2026-01-01 20:47:29
Noah Gregor,FLA,L,22,3,1,2,0.14,5.3,2026-01-01 20:47:29
Alec Regula,EDM,D,24,3,0,3,0.12,0.0,2026-01-01 20:47:29
Robby Fabbri,STL,C,8,3,0,3,0.38,0.0,2026-01-01 20:47:29
Brett Kulak,PIT,D,38,3,0,3,0.08,0.0,2026-01-01 20:47:29
Vincent Iorio,SJS,D,15,3,0,3,0.2,0.0,2026-01-01 20:47:29
Daniil But,UTA,L,14,3,1,2,0.21,4.0,2026-01-01 20:47:29
Nathan Bastian,DAL,R,20,3,3,0,0.15,23.1,2026-01-01 20:47:29
Noah Philp,CAR,C,15,3,2,1,0.2,16.7,2026-01-01 20:47:29
Joshua Mahura,SEA,D,20,3,1,2,0.15,8.3,2026-01-01 20:47:29
Mathew Dumba,PIT,D,11,3,1,2,0.27,14.3,2026-01-01 20:47:29
Brayden McNabb,VGK,D,38,3,2,1,0.08,6.1,2026-01-01 20:47:29
Lian Bichsel,DAL,D,26,3,1,2,0.12,11.1,2026-01-01 20:47:29
Joe Veleno,MTL,C,34,3,2,1,0.09,5.6,2026-01-01 20:47:29
Declan Chisholm,WSH,D,15,3,0,3,0.2,0.0,2026-01-01 20:47:29
Elmer Soderblom,DET,L,25,3,2,1,0.12,7.7,2026-01-01 20:47:29
Michael Misa,SJS,C,7,3,1,2,0.43,7.7,2026-01-01 20:47:29
Nick Leddy,SJS,D,15,3,0,3,0.2,0.0,2026-01-01 20:47:29
John Beecher,CGY,C,24,3,1,2,0.12,4.8,2026-01-01 20:47:29
Brayden Pachal,CGY,D,21,3,0,3,0.14,0.0,2026-01-01 20:47:29
Trent Frederic,EDM,C,40,3,2,1,0.08,5.1,2026-01-01 20:47:29
Zachary Aston-Reese,CBJ,L,20,3,0,3,0.15,0.0,2026-01-01 20:47:29
Ryan Reaves,SJS,R,34,3,3,0,0.09,15.0,2026-01-01 20:47:29
Luke Glendening,NJD,C,40,3,0,3,0.08,0.0,2026-01-01 20:47:29
Nick DeSimone,UTA,D,16,3,2,1,0.19,10.5,2026-01-01 20:47:29
Rutger McGroarty,PIT,R,14,3,2,1,0.21,7.4,2026-01-01 20:47:29
Chris Tanev,TOR,D,11,2,0,2,0.18,0.0,2026-01-01 20:47:29
Brendan Smith,CBJ,D,15,2,0,2,0.13,0.0,2026-01-01 20:47:29
Jeff Malott,LAK,L,22,2,2,0,0.09,11.1,2026-01-01 20:47:29
Charles Alexis Legault,CAR,D,8,2,1,1,0.25,10.0,2026-01-01 20:47:29
Juho Lammikko,NJD,C,19,2,0,2,0.11,0.0,2026-01-01 20:47:29
Jake Bean,CGY,D,16,2,1,1,0.12,6.2,2026-01-01 20:47:29
Vincent Desharnais,SJS,D,20,2,0,2,0.1,0.0,2026-01-01 20:47:29
Sam Lafferty,CHI,C,17,2,1,1,0.12,16.7,2026-01-01 20:47:29
Cole Schwindt,FLA,R,10,2,2,0,0.2,28.6,2026-01-01 20:47:29
Landon Slaggert,CHI,L,13,2,1,1,0.15,8.3,2026-01-01 20:47:29
Brandon Carlo,TOR,D,18,2,0,2,0.11,0.0,2026-01-01 20:47:29
Daemon Hunt,MIN,D,12,2,0,2,0.17,0.0,2026-01-01 20:47:29
Philippe Myers,TOR,D,20,2,0,2,0.1,0.0,2026-01-01 20:47:29
Jonathan Lekkerimäki,VAN,R,8,2,1,1,0.25,25.0,2026-01-01 20:47:29
Kaiden Guhle,MTL,D,5,2,1,1,0.4,14.3,2026-01-01 20:47:29
Donovan Sebrango,FLA,D,12,2,0,2,0.17,0.0,2026-01-01 20:47:29
Curtis Douglas,TBL,C,27,2,0,2,0.07,0.0,2026-01-01 20:47:29
Jack St. Ivany,PIT,D,6,2,0,2,0.33,0.0,2026-01-01 20:47:29
Kasperi Kapanen,EDM,R,6,2,0,2,0.33,0.0,2026-01-01 20:47:29
Curtis Lazar,EDM,C,20,2,2,0,0.1,28.6,2026-01-01 20:47:29
Olle Lycksell,OTT,R,7,2,1,1,0.29,14.3,2026-01-01 20:47:29
Nick Lardis,CHI,L,8,2,2,0,0.25,14.3,2026-01-01 20:47:29
Bradly Nadeau,CAR,L,8,2,2,0,0.25,25.0,2026-01-01 20:47:29
Hugh McGing,STL,L,3,2,1,1,0.67,25.0,2026-01-01 20:47:29
Arber Xhekaj,MTL,D,35,2,1,1,0.06,3.8,2026-01-01 20:47:29
Alexander Holtz,VGK,R,12,2,1,1,0.17,6.7,2026-01-01 20:47:29
Rasmus Ristolainen,PHI,D,8,2,0,2,0.25,0.0,2026-01-01 20:47:29
Denver Barkey,PHI,C,6,2,0,2,0.33,0.0,2026-01-01 20:47:29
Max Jones,EDM,L,8,2,1,1,0.25,8.3,2026-01-01 20:47:29
Pavol Regenda,SJS,L,3,2,2,0,0.67,25.0,2026-01-01 20:47:29
Jonathan Aspirot,BOS,D,21,2,2,0,0.1,12.5,2026-01-01 20:47:29
Jordan Harris,BOS,D,5,2,1,1,0.4,11.1,2026-01-01 20:47:29
Zack Ostapchuk,SJS,C,18,2,1,1,0.11,7.7,2026-01-01 20:47:29
Marc Gatcomb,NYI,C,14,2,1,1,0.14,5.3,2026-01-01 20:47:29
Alexey Toropchenko,STL,R,25,2,1,1,0.08,4.3,2026-01-01 20:47:29
Logan Mailloux,STL,D,27,2,1,1,0.07,3.4,2026-01-01 20:47:29
P.O Joseph,VAN,D,12,1,0,1,0.08,0.0,2026-01-01 20:47:29
Olli Määttä,UTA,D,19,1,0,1,0.05,0.0,2026-01-01 20:47:29
Kevin Rooney,UTA,C,1,1,1,0,1.0,100.0,2026-01-01 20:47:29
Maveric Lamoureux,UTA,D,5,1,0,1,0.2,0.0,2026-01-01 20:47:29
Teddy Blueger,VAN,C,2,1,1,0,0.5,50.0,2026-01-01 20:47:29
Brandon Tanev,UTA,L,29,1,0,1,0.03,0.0,2026-01-01 20:47:29
Dmitri Simashev,UTA,D,24,1,0,1,0.04,0.0,2026-01-01 20:47:29
Alexander Kerfoot,UTA,C,5,1,1,0,0.2,11.1,2026-01-01 20:47:29
Brad Lambert,WPG,C,4,1,1,0,0.25,33.3,2026-01-01 20:47:29
Dennis Cholowski,NJD,D,15,1,0,1,0.07,0.0,2026-01-01 20:47:29
Parker Ford,WPG,C,11,1,0,1,0.09,0.0,2026-01-01 20:47:29
Tristen Nielsen,COL,C,4,1,0,1,0.25,0.0,2026-01-01 20:47:29
Kurtis MacDermid,OTT,L,16,1,0,1,0.06,0.0,2026-01-01 20:47:29
Zayne Parekh,CGY,D,11,1,0,1,0.09,0.0,2026-01-01 20:47:29
Michael Brandsegg-Nygård,DET,R,9,1,0,1,0.11,0.0,2026-01-01 20:47:29
Maxim Tsyplakov,NYI,R,22,1,1,0,0.05,5.9,2026-01-01 20:47:29
Travis Mitchell,NYI,D,9,1,1,0,0.11,25.0,2026-01-01 20:47:29
Alexander Romanov,NYI,D,15,1,0,1,0.07,0.0,2026-01-01 20:47:29
Matvei Gridin,CGY,R,4,1,1,0,0.25,11.1,2026-01-01 20:47:29
Adam Boqvist,NYI,D,12,1,0,1,0.08,0.0,2026-01-01 20:47:29
Brian Halonen,NJD,L,9,1,1,0,0.11,25.0,2026-01-01 20:47:29
Justin Robidas,CAR,C,2,1,0,1,0.5,0.0,2026-01-01 20:47:29
Dominic Toninato,CHI,C,5,1,0,1,0.2,0.0,2026-01-01 20:47:29
Angus Crookshank,NJD,C,8,1,1,0,0.12,25.0,2026-01-01 20:47:29
Jack Ahcan,COL,D,6,1,0,1,0.17,0.0,2026-01-01 20:47:29
Brady Martin,NSH,C,3,1,0,1,0.33,0.0,2026-01-01 20:47:29
Florian Xhekaj,MTL,L,5,1,0,1,0.2,0.0,2026-01-01 20:47:29
Justin Kirkland,CGY,C,10,1,0,1,0.1,0.0,2026-01-01 20:47:29
Jared Davidson,MTL,C,10,1,0,1,0.1,0.0,2026-01-01 20:47:29
Ivan Ivan,COL,C,3,1,0,1,0.33,0.0,2026-01-01 20:47:29
Owen Beck,MTL,C,9,1,1,0,0.11,12.5,2026-01-01 20:47:29
Dakota Mermis,TOR,D,11,1,1,0,0.09,20.0,2026-01-01 20:47:29
Patrik Laine,MTL,L,5,1,0,1,0.2,0.0,2026-01-01 20:47:29
Dysin Mayo,CBJ,D,2,1,0,1,0.5,0.0,2026-01-01 20:47:29
Matt Kiersted,MIN,D,3,1,0,1,0.33,0.0,2026-01-01 20:47:29
Jake Christiansen,CBJ,D,23,1,0,1,0.04,0.0,2026-01-01 20:47:29
Nicolas Aube-Kubel,MIN,R,4,1,0,1,0.25,0.0,2026-01-01 20:47:29
Tyler Pitlick,MIN,C,23,1,1,0,0.04,5.3,2026-01-01 20:47:29
Luca Del Bel Belluz,CBJ,C,13,1,0,1,0.08,0.0,2026-01-01 20:47:29
Travis Hamonic,DET,D,19,1,0,1,0.05,0.0,2026-01-01 20:47:29
Quinn Hutson,EDM,R,3,1,1,0,0.33,33.3,2026-01-01 20:47:29
Connor Clattenburg,EDM,C,5,1,1,0,0.2,33.3,2026-01-01 20:47:29
Arthur Kaliyev,OTT,R,2,1,0,1,0.5,0.0,2026-01-01 20:47:29
Matt Rempe,NYR,C,17,1,1,0,0.06,8.3,2026-01-01 20:47:29
Harrison Brunicke,PIT,D,9,1,1,0,0.11,12.5,2026-01-01 20:47:29
Joona Koppanen,PIT,L,10,1,0,1,0.1,0.0,2026-01-01 20:47:29
Conor Geekie,TBL,C,6,1,0,1,0.17,0.0,2026-01-01 20:47:29
Sam Colangelo,ANA,R,7,1,1,0,0.14,33.3,2026-01-01 20:47:29
Maxim Groshev,TBL,D,1,1,0,1,1.0,0.0,2026-01-01 20:47:29
Riley Tufte,BOS,L,4,1,1,0,0.25,25.0,2026-01-01 20:47:29
Steven Santini,TBL,D,9,1,0,1,0.11,0.0,2026-01-01 20:47:29
Matt Luff,STL,R,5,1,1,0,0.2,20.0,2026-01-01 20:47:29
Oscar Fisker Molgaard,SEA,C,2,1,0,1,0.5,0.0,2026-01-01 20:47:29
Jacob Melanson,SEA,R,8,1,0,1,0.12,0.0,2026-01-01 20:47:29
Cale Fleury,SEA,D,7,1,0,1,0.14,0.0,2026-01-01 20:47:29
Victor Soderstrom,BOS,D,8,1,0,1,0.12,0.0,2026-01-01 20:47:29
Ethan Cardwell,SJS,R,7,1,1,0,0.14,16.7,2026-01-01 20:47:29
Patrick Giles,SJS,R,3,1,0,1,0.33,0.0,2026-01-01 20:47:29
Egor Zamula,PIT,D,13,1,0,1,0.08,0.0,2026-01-01 20:47:29
Jacob Bernard-Docker,DET,D,25,1,0,1,0.04,0.0,2026-01-01 20:47:29
Caleb Jones,PIT,D,7,1,0,1,0.14,0.0,2026-01-01 20:47:29
Ryan Graves,PIT,D,17,1,1,0,0.06,5.3,2026-01-01 20:47:29
Nikita Chibrikov,WPG,R,8,0,0,0,0.0,0.0,2026-01-01 20:47:29
Erik Gudbranson,CBJ,D,4,0,0,0,0.0,0.0,2026-01-01 20:47:29
Michael Callahan,BOS,D,5,0,0,0,0.0,0.0,2026-01-01 20:47:29
Jeffrey Viel,BOS,L,10,0,0,0,0.0,0.0,2026-01-01 20:47:29
Trevor Kuntar,BUF,C,1,0,0,0,0.0,0.0,2026-01-01 20:47:29
Hunter Brzustewicz,CGY,D,9,0,0,0,0.0,0.0,2026-01-01 20:47:29
Domenick Fensore,CAR,D,1,0,0,0,0.0,0.0,2026-01-01 20:47:29
Jason Polin,COL,R,2,0,0,0,0.0,0.0,2026-01-01 20:47:29
Luca Pinelli,CBJ,C,3,0,0,0,0.0,0.0,2026-01-01 20:47:29
Dylan McIlrath,WSH,D,5,0,0,0,0.0,0.0,2026-01-01 20:47:29
Daniil Miromanov,CGY,D,1,0,0,0,0.0,0.0,2026-01-01 20:47:29
Erik Gustafsson,DET,D,1,0,0,0,0.0,0.0,2026-01-01 20:47:29
Rory Kerins,CGY,C,2,0,0,0,0.0,0.0,2026-01-01 20:47:29
Elias Salomonsson,WPG,D,4,0,0,0,0.0,0.0,2026-01-01 20:47:29
Colin Miller,WPG,D,11,0,0,0,0.0,0.0,2026-01-01 20:47:29
Ryan Johnson,BUF,D,3,0,0,0,0.0,0.0,2026-01-01 20:47:29
Sam Morton,CGY,C,3,0,0,0,0.0,0.0,2026-01-01 20:47:29
Haydn Fleury,WPG,D,16,0,0,0,0.0,0.0,2026-01-01 20:47:29
Michael Kesselring,BUF,D,16,0,0,0,0.0,0.0,2026-01-01 20:47:29
Justin Danforth,BUF,R,4,0,0,0,0.0,0.0,2026-01-01 20:47:29
Pierre-Luc Dubois,WSH,L,6,0,0,0,0.0,0.0,2026-01-01 20:47:29
Mason Geertsen,BUF,L,5,0,0,0,0.0,0.0,2026-01-01 20:47:29
Zach Metsa,BUF,D,10,0,0,0,0.0,0.0,2026-01-01 20:47:29
Taylor Makar,COL,L,3,0,0,0,0.0,0.0,2026-01-01 20:47:29
Ilya Solovyov,COL,D,9,0,0,0,0.0,0.0,2026-01-01 20:47:29
Matěj  Blümel,BOS,R,4,0,0,0,0.0,0.0,2026-01-01 20:47:29
Georgii Merkulov,BOS,C,1,0,0,0,0.0,0.0,2026-01-01 20:47:29
Ethan Del Mastro,CHI,D,2,0,0,0,0.0,0.0,2026-01-01 20:47:29
Jaccob Slavin,CAR,D,5,0,0,0,0.0,0.0,2026-01-01 20:47:29
Dryden Hunt,CGY,L,2,0,0,0,0.0,0.0,2026-01-01 20:47:29
Henry Thrun,TOR,D,4,0,0,0,0.0,0.0,2026-01-01 20:47:29
Riley Stillman,EDM,D,3,0,0,0,0.0,0.0,2026-01-01 20:47:29
Connor Clifton,PIT,D,15,0,0,0,0.0,0.0,2026-01-01 20:47:29
Dennis Gilbert,OTT,D,1,0,0,0,0.0,0.0,2026-01-01 20:47:29
Nicolas Deslauriers,PHI,L,16,0,0,0,0.0,0.0,2026-01-01 20:47:29
Garnet Hathaway,PHI,R,33,0,0,0,0.0,0.0,2026-01-01 20:47:29
Joseph LaBate,VAN,C,1,0,0,0,0.0,0.0,2026-01-01 20:47:29
Derek Forbort,VAN,D,2,0,0,0,0.0,0.0,2026-01-01 20:47:29
Adam Ginning,PHI,D,5,0,0,0,0.0,0.0,2026-01-01 20:47:29
Jacob Gaucher,PHI,C,3,0,0,0,0.0,0.0,2026-01-01 20:47:29
Ty Murchison,PHI,D,3,0,0,0,0.0,0.0,2026-01-01 20:47:29
Jett Luchanko,PHI,C,4,0,0,0,0.0,0.0,2026-01-01 20:47:29
Bokondji Imama,PIT,L,2,0,0,0,0.0,0.0,2026-01-01 20:47:29
Jaroslav Chmelar,NYR,R,6,0,0,0,0.0,0.0,2026-01-01 20:47:29
Tristan Broz,PIT,C,1,0,0,0,0.0,0.0,2026-01-01 20:47:29
Owen Pickering,PIT,D,4,0,0,0,0.0,0.0,2026-01-01 20:47:29
John Hayden,SEA,C,3,0,0,0,0.0,0.0,2026-01-01 20:47:29
Hunter Skinner,STL,D,1,0,0,0,0.0,0.0,2026-01-01 20:47:29
Aleksanteri Kaskimaki,STL,C,5,0,0,0,0.0,0.0,2026-01-01 20:47:29
Jakob Pelletier,TBL,L,1,0,0,0,0.0,0.0,2026-01-01 20:47:29
Mitchell Chaffee,TBL,R,7,0,0,0,0.0,0.0,2026-01-01 20:47:29
Andrew Agozzino,UTA,L,2,0,0,0,0.0,0.0,2026-01-01 20:47:29
Jacob Quillan,TOR,C,3,0,0,0,0.0,0.0,2026-01-01 20:47:29
Hayden Hodgson,OTT,R,9,0,0,0,0.0,0.0,2026-01-01 20:47:29
Brennan Othmann,NYR,L,6,0,0,0,0.0,0.0,2026-01-01 20:47:29
Dmitry Kulikov,FLA,D,2,0,0,0,0.0,0.0,2026-01-01 20:47:29
Braeden Cootes,VAN,C,3,0,0,0,0.0,0.0,2026-01-01 20:47:29
Jack Studnicka,FLA,C,13,0,0,0,0.0,0.0,2026-01-01 20:47:29
Jack Devine,FLA,R,6,0,0,0,0.0,0.0,2026-01-01 20:47:29
Jacob Moverare,LAK,D,8,0,0,0,0.0,0.0,2026-01-01 20:47:29
Samuel Helenius,LAK,C,11,0,0,0,0.0,0.0,2026-01-01 20:47:29
Ben Jones,MIN,C,20,0,0,0,0.0,0.0,2026-01-01 20:47:29
Carson Lambos,MIN,D,1,0,0,0,0.0,0.0,2026-01-01 20:47:29
Hunter Haight,MIN,C,2,0,0,0,0.0,0.0,2026-01-01 20:47:29
David Jiricek,MIN,D,18,0,0,0,0.0,0.0,2026-01-01 20:47:29
Adam Engstrom,MTL,D,10,0,0,0,0.0,0.0,2026-01-01 20:47:29
Joakim Kemell,NSH,R,2,0,0,0,0.0,0.0,2026-01-01 20:47:29
Brett Berard,NYR,L,11,0,0,0,0.0,0.0,2026-01-01 20:47:29
Evgenii Dadonov,NJD,L,5,0,0,0,0.0,0.0,2026-01-01 20:47:29
Victor Mancini,VAN,D,5,0,0,0,0.0,0.0,2026-01-01 20:47:29
Zack MacEwen,NJD,R,3,0,0,0,0.0,0.0,2026-01-01 20:47:29
Nathan Légaré,NJD,R,1,0,0,0,0.0,0.0,2026-01-01 20:47:29
Shane Lachance,NJD,L,1,0,0,0,0.0,0.0,2026-01-01 20:47:29
Seamus Casey,NJD,D,2,0,0,0,0.0,0.0,2026-01-01 20:47:29
Nils Aman,VAN,C,2,0,0,0,0.0,0.0,2026-01-01 20:47:29
Xavier Parent,NJD,C,5,0,0,0,0.0,0.0,2026-01-01 20:47:29
Nils Hoglander,VAN,L,6,0,0,0,0.0,0.0,2026-01-01 20:47:29
Joshua Roy,MTL,R,3,0,0,0,0.0,0.0,2026-01-01 20:47:29
